Park,Year,Visitation,Google,VisLag1,VisLag2,VisLag3,VisLag4,VisLag5
ACAD,2008,2075857,423,2202228,2083588,"2,051,484","2,207,847","2,431,062"
ACAD,2009,2227698,507,2075857,2202228,"2,083,588","2,051,484","2,207,847"
ACAD,2010,2504208,461,2227698,2075857,"2,202,228","2,083,588","2,051,484"
ACAD,2011,2374645,406,2504208,2227698,"2,075,857","2,202,228","2,083,588"
ACAD,2012,2431052,419,2374645,2504208,"2,227,698","2,075,857","2,202,228"
ACAD,2013,2254922,411,2431052,2374645,"2,504,208","2,227,698","2,075,857"
ACAD,2014,2563129,397,2254922,2431052,"2,374,645","2,504,208","2,227,698"
ACAD,2015,2811184,430,2563129,2254922,"2,431,052","2,374,645","2,504,208"
ACAD,2016,3303393,520,2811184,2563129,"2,254,922","2,431,052","2,374,645"
ACAD,2017,3509271,516,3303393,2811184,"2,563,129","2,254,922","2,431,052"
ARCH,2008,928795,441,860181,833049,"781,670","733,131","757,781"
ARCH,2009,996312,378,928795,860181,"833,049","781,670","733,131"
ARCH,2010,1014405,348,996312,928795,"860,181","833,049","781,670"
ARCH,2011,1040758,335,1014405,996312,"928,795","860,181","833,049"
ARCH,2012,1070577,331,1040758,1014405,"996,312","928,795","860,181"
ARCH,2013,1082866,346,1070577,1040758,"1,014,405","996,312","928,795"
ARCH,2014,1284767,379,1082866,1070577,"1,040,758","1,014,405","996,312"
ARCH,2015,1399247,422,1284767,1082866,"1,070,577","1,040,758","1,014,405"
ARCH,2016,1585718,437,1399247,1284767,"1,082,866","1,070,577","1,040,758"
ARCH,2017,1539028,451,1585718,1399247,"1,284,767","1,082,866","1,070,577"
BADL,2008,845734,905,886654,840118,"909,146","936,030","871,034"
BADL,2009,933918,827,845734,886654,"840,118","909,146","936,030"
BADL,2010,977778,701,933918,845734,"886,654","840,118","909,146"
BADL,2011,870741,693,977778,933918,"845,734","886,654","840,118"
BADL,2012,883406,693,870741,977778,"933,918","845,734","886,654"
BADL,2013,892372,674,883406,870741,"977,778","933,918","845,734"
BADL,2014,868094,606,892372,883406,"870,741","977,778","933,918"
BADL,2015,989354,827,868094,892372,"883,406","870,741","977,778"
BADL,2016,996263,758,989354,868094,"892,372","883,406","870,741"
BADL,2017,1054325,855,996263,989354,"868,094","892,372","883,406"
BIBE,2008,362512,813,364856,298717,"398,583","357,723","312,384"
BIBE,2009,363905,713,362512,364856,"298,717","398,583","357,723"
BIBE,2010,372330,628,363905,362512,"364,856","298,717","398,583"
BIBE,2011,361862,523,372330,363905,"362,512","364,856","298,717"
BIBE,2012,292055,521,361862,372330,"363,905","362,512","364,856"
BIBE,2013,316953,511,292055,361862,"372,330","363,905","362,512"
BIBE,2014,314102,555,316953,292055,"361,862","372,330","363,905"
BIBE,2015,381747,686,314102,316953,"292,055","361,862","372,330"
BIBE,2016,388290,727,381747,314102,"316,953","292,055","361,862"
BIBE,2017,440276,774,388290,381747,"314,102","316,953","292,055"
BISC,2008,686062,724,517442,608836,"563,728","478,304","490,031"
BISC,2009,437745,780,686062,517442,"608,836","563,728","478,304"
BISC,2010,467612,728,437745,686062,"517,442","608,836","563,728"
BISC,2011,476077,788,467612,437745,"686,062","517,442","608,836"
BISC,2012,495613,844,476077,467612,"437,745","686,062","517,442"
BISC,2013,486848,722,495613,476077,"467,612","437,745","686,062"
BISC,2014,525745,586,486848,495613,"476,077","467,612","437,745"
BISC,2015,508164,604,525745,486848,"495,613","476,077","467,612"
BISC,2016,514709,698,508164,525745,"486,848","495,613","476,077"
BISC,2017,446961,714,514709,508164,"525,745","486,848","495,613"
BLCA,2008,160185,619,219576,160450,"180,814","175,581","167,247"
BLCA,2009,171451,597,160185,219576,"160,450","180,814","175,581"
BLCA,2010,176344,578,171451,160185,"219,576","160,450","180,814"
BLCA,2011,168336,574,176344,171451,"160,185","219,576","160,450"
BLCA,2012,192570,534,168336,176344,"171,451","160,185","219,576"
BLCA,2013,175852,560,192570,168336,"176,344","171,451","160,185"
BLCA,2014,183045,547,175852,192570,"168,336","176,344","171,451"
BLCA,2015,209166,623,183045,175852,"192,570","168,336","176,344"
BLCA,2016,238018,689,209166,183045,"175,852","192,570","168,336"
BLCA,2017,307143,700,238018,209166,"183,045","175,852","192,570"
BRCA,2008,1043321,855,1012563,890676,"1,017,681","987,253","903,760"
BRCA,2009,1216377,725,1043321,1012563,"890,676","1,017,681","987,253"
BRCA,2010,1285492,691,1216377,1043321,"1,012,563","890,676","1,017,681"
BRCA,2011,1296000,619,1285492,1216377,"1,043,321","1,012,563","890,676"
BRCA,2012,1385352,587,1296000,1285492,"1,216,377","1,043,321","1,012,563"
BRCA,2013,1311875,600,1385352,1296000,"1,285,492","1,216,377","1,043,321"
BRCA,2014,1435741,605,1311875,1385352,"1,296,000","1,285,492","1,216,377"
BRCA,2015,1745804,704,1435741,1311875,"1,385,352","1,296,000","1,285,492"
BRCA,2016,2365110,716,1745804,1435741,"1,311,875","1,385,352","1,296,000"
BRCA,2017,2571684,745,2365110,1745804,"1,435,741","1,311,875","1,385,352"
CANY,2008,436715,827,417560,392537,"393,381","371,706","386,986"
CANY,2009,436241,755,436715,417560,"392,537","393,381","371,706"
CANY,2010,435908,689,436241,436715,"417,560","392,537","393,381"
CANY,2011,473773,732,435908,436241,"436,715","417,560","392,537"
CANY,2012,452952,632,473773,435908,"436,241","436,715","417,560"
CANY,2013,462242,684,452952,473773,"435,908","436,241","436,715"
CANY,2014,542431,732,462242,452952,"473,773","435,908","436,241"
CANY,2015,634607,749,542431,462242,"452,952","473,773","435,908"
CANY,2016,776218,839,634607,542431,"462,242","452,952","473,773"
CANY,2017,742271,860,776218,634607,"542,431","462,242","452,952"
CARE,2008,604811,668,554907,511511,"550,255","549,708","535,441"
CARE,2009,617208,681,604811,554907,"511,511","550,255","549,708"
CARE,2010,662661,628,617208,604811,"554,907","511,511","550,255"
CARE,2011,668834,589,662661,617208,"604,811","554,907","511,511"
CARE,2012,673345,524,668834,662661,"617,208","604,811","554,907"
CARE,2013,663670,547,673345,668834,"662,661","617,208","604,811"
CARE,2014,786514,615,663670,673345,"668,834","662,661","617,208"
CARE,2015,941029,718,786514,663670,"673,345","668,834","662,661"
CARE,2016,1064904,811,941029,786514,"663,670","673,345","668,834"
CARE,2017,1150165,849,1064904,941029,"786,514","663,670","673,345"
CAVE,2008,400381,788,409560,407367,"413,786","419,599","457,631"
CAVE,2009,432639,781,400381,409560,"407,367","413,786","419,599"
CAVE,2010,428524,769,432639,400381,"409,560","407,367","413,786"
CAVE,2011,365000,696,428524,432639,"400,381","409,560","407,367"
CAVE,2012,381058,676,365000,428524,"432,639","400,381","409,560"
CAVE,2013,388566,629,381058,365000,"428,524","432,639","400,381"
CAVE,2014,397309,585,388566,381058,"365,000","428,524","432,639"
CAVE,2015,445720,623,397309,388566,"381,058","365,000","428,524"
CAVE,2016,466773,686,445720,397309,"388,566","381,058","365,000"
CAVE,2017,520026,668,466773,445720,"397,309","388,566","381,058"
CHIS,2008,332177,691,360806,375256,"434,107","537,716","585,919"
CHIS,2009,348745,767,332177,360806,"375,256","434,107","537,716"
CHIS,2010,277515,802,348745,332177,"360,806","375,256","434,107"
CHIS,2011,242756,647,277515,348745,"332,177","360,806","375,256"
CHIS,2012,249594,636,242756,277515,"348,745","332,177","360,806"
CHIS,2013,212029,569,249594,242756,"277,515","348,745","332,177"
CHIS,2014,342161,630,212029,249594,"242,756","277,515","348,745"
CHIS,2015,324816,578,342161,212029,"249,594","242,756","277,515"
CHIS,2016,364807,694,324816,342161,"212,029","249,594","242,756"
CHIS,2017,383687,730,364807,324816,"342,161","212,029","249,594"
CONG,2008,104913,513,115524,134045,"84,301","126,247","107,114"
CONG,2009,122970,468,104913,115524,"134,045","84,301","126,247"
CONG,2010,121208,535,122970,104913,"115,524","134,045","84,301"
CONG,2011,120166,478,121208,122970,"104,913","115,524","134,045"
CONG,2012,109685,430,120166,121208,"122,970","104,913","115,524"
CONG,2013,120340,453,109685,120166,"121,208","122,970","104,913"
CONG,2014,120122,506,120340,109685,"120,166","121,208","122,970"
CONG,2015,87513,533,120122,120340,"109,685","120,166","121,208"
CONG,2016,143843,580,87513,120122,"120,340","109,685","120,166"
CONG,2017,159595,626,143843,87513,"120,122","120,340","109,685"
CRLA,2008,415686,613,468958,388972,"447,240","417,066","479,183"
CRLA,2009,446516,609,415686,468958,"388,972","447,240","417,066"
CRLA,2010,448319,569,446516,415686,"468,958","388,972","447,240"
CRLA,2011,423551,603,448319,446516,"415,686","468,958","388,972"
CRLA,2012,447251,565,423551,448319,"446,516","415,686","468,958"
CRLA,2013,523027,561,447251,423551,"448,319","446,516","415,686"
CRLA,2014,535508,566,523027,447251,"423,551","448,319","446,516"
CRLA,2015,614712,680,535508,523027,"447,251","423,551","448,319"
CRLA,2016,756344,660,614712,535508,"523,027","447,251","423,551"
CRLA,2017,711749,689,756344,614712,"535,508","523,027","447,251"
CUVA,2008,2828233,700,2486656,2468816,"2,533,827","3,306,175","2,879,591"
CUVA,2009,2589288,652,2828233,2486656,"2,468,816","2,533,827","3,306,175"
CUVA,2010,2492670,621,2589288,2828233,"2,486,656","2,468,816","2,533,827"
CUVA,2011,2161185,531,2492670,2589288,"2,828,233","2,486,656","2,468,816"
CUVA,2012,2299722,516,2161185,2492670,"2,589,288","2,828,233","2,486,656"
CUVA,2013,2103010,513,2299722,2161185,"2,492,670","2,589,288","2,828,233"
CUVA,2014,2189849,517,2103010,2299722,"2,161,185","2,492,670","2,589,288"
CUVA,2015,2284612,579,2189849,2103010,"2,299,722","2,161,185","2,492,670"
CUVA,2016,2423390,667,2284612,2189849,"2,103,010","2,299,722","2,161,185"
CUVA,2017,2226879,680,2423390,2284612,"2,189,849","2,103,010","2,299,722"
DENA,2008,432309,730,458308,415935,"403,520","404,236","360,189"
DENA,2009,358041,625,432309,458308,"415,935","403,520","404,236"
DENA,2010,378855,579,358041,432309,"458,308","415,935","403,520"
DENA,2011,406582,488,378855,358041,"432,309","458,308","415,935"
DENA,2012,388433,508,406582,378855,"358,041","432,309","458,308"
DENA,2013,530922,470,388433,406582,"378,855","358,041","432,309"
DENA,2014,531315,441,530922,388433,"406,582","378,855","358,041"
DENA,2015,560757,485,531315,530922,"388,433","406,582","378,855"
DENA,2016,587412,507,560757,531315,"530,922","388,433","406,582"
DENA,2017,642809,496,587412,560757,"531,315","530,922","388,433"
DEVA,2008,871938,685,704122,744440,"800,113","764,820","890,375"
DEVA,2009,828574,649,871938,704122,"744,440","800,113","764,820"
DEVA,2010,984775,614,828574,871938,"704,122","744,440","800,113"
DEVA,2011,946867,650,984775,828574,"871,938","704,122","744,440"
DEVA,2012,984568,624,946867,984775,"828,574","871,938","704,122"
DEVA,2013,951972,618,984568,946867,"984,775","828,574","871,938"
DEVA,2014,1101312,543,951972,984568,"946,867","984,775","828,574"
DEVA,2015,1154843,561,1101312,951972,"984,568","946,867","984,775"
DEVA,2016,1296283,638,1154843,1101312,"951,972","984,568","946,867"
DEVA,2017,1294827,578,1296283,1154843,"1,101,312","951,972","984,568"
DRTO,2008,63947,781,60895,64122,"61,765","67,917","74,741"
DRTO,2009,52011,712,63947,60895,"64,122","61,765","67,917"
DRTO,2010,53890,727,52011,63947,"60,895","64,122","61,765"
DRTO,2011,75171,640,53890,52011,"63,947","60,895","64,122"
DRTO,2012,60550,605,75171,53890,"52,011","63,947","60,895"
DRTO,2013,58401,666,60550,75171,"53,890","52,011","63,947"
DRTO,2014,64865,742,58401,60550,"75,171","53,890","52,011"
DRTO,2015,70862,879,64865,58401,"60,550","75,171","53,890"
DRTO,2016,73661,910,70862,64865,"58,401","60,550","75,171"
DRTO,2017,54281,878,73661,70862,"64,865","58,401","60,550"
EVER,2008,822118,891,1074764,954022,"1,233,837","1,181,355","1,040,648"
EVER,2009,900882,854,822118,1074764,"954,022","1,233,837","1,181,355"
EVER,2010,915538,801,900882,822118,"1,074,764","954,022","1,233,837"
EVER,2011,934351,806,915538,900882,"822,118","1,074,764","954,022"
EVER,2012,1141906,794,934351,915538,"900,882","822,118","1,074,764"
EVER,2013,1047116,765,1141906,934351,"915,538","900,882","822,118"
EVER,2014,1110901,749,1047116,1141906,"934,351","915,538","900,882"
EVER,2015,1077427,746,1110901,1047116,"1,141,906","934,351","915,538"
EVER,2016,930907,702,1077427,1110901,"1,047,116","1,141,906","934,351"
EVER,2017,1018557,687,930907,1077427,"1,110,901","1,047,116","1,141,906"
GAAR,2008,11397,657,10942,9982,"9,459","10,282","5,075"
GAAR,2009,9975,525,11397,10942,"9,982","9,459","10,282"
GAAR,2010,10840,494,9975,11397,"10,942","9,982","9,459"
GAAR,2011,11623,379,10840,9975,"11,397","10,942","9,982"
GAAR,2012,10899,463,11623,10840,"9,975","11,397","10,942"
GAAR,2013,11012,375,10899,11623,"10,840","9,975","11,397"
GAAR,2014,12669,386,11012,10899,"11,623","10,840","9,975"
GAAR,2015,10745,408,12669,11012,"10,899","11,623","10,840"
GAAR,2016,10047,603,10745,12669,"11,012","10,899","11,623"
GAAR,2017,11177,549,10047,10745,"12,669","11,012","10,899"
GLAC,2008,1808027,679,2083329,1964399,"1,925,101","2,033,933","1,664,046"
GLAC,2009,2031348,589,1808027,2083329,"1,964,399","1,925,101","2,033,933"
GLAC,2010,2200048,535,2031348,1808027,"2,083,329","1,964,399","1,925,101"
GLAC,2011,1853564,516,2200048,2031348,"1,808,027","2,083,329","1,964,399"
GLAC,2012,2162035,513,1853564,2200048,"2,031,348","1,808,027","2,083,329"
GLAC,2013,2190374,503,2162035,1853564,"2,200,048","2,031,348","1,808,027"
GLAC,2014,2338528,529,2190374,2162035,"1,853,564","2,200,048","2,031,348"
GLAC,2015,2366056,563,2338528,2190374,"2,162,035","1,853,564","2,200,048"
GLAC,2016,2946681,603,2366056,2338528,"2,190,374","2,162,035","1,853,564"
GLAC,2017,3305512,637,2946681,2366056,"2,338,528","2,190,374","2,162,035"
GLBA,2008,418911,679,438211,413382,"359,829","353,686","366,319"
GLBA,2009,438361,589,418911,438211,"413,382","359,829","353,686"
GLBA,2010,444530,535,438361,418911,"438,211","413,382","359,829"
GLBA,2011,431986,516,444530,438361,"418,911","438,211","413,382"
GLBA,2012,454337,513,431986,444530,"438,361","418,911","438,211"
GLBA,2013,500590,503,454337,431986,"444,530","438,361","418,911"
GLBA,2014,500727,529,500590,454337,"431,986","444,530","438,361"
GLBA,2015,551353,563,500727,500590,"454,337","431,986","444,530"
GLBA,2016,520171,603,551353,500727,"500,590","454,337","431,986"
GLBA,2017,547057,637,520171,551353,"500,727","500,590","454,337"
GRBA,2008,69235,437,81364,78524,"77,741","79,879","87,020"
GRBA,2009,84974,469,69235,81364,"78,524","77,741","79,879"
GRBA,2010,88870,444,84974,69235,"81,364","78,524","77,741"
GRBA,2011,91451,390,88870,84974,"69,235","81,364","78,524"
GRBA,2012,94850,398,91451,88870,"84,974","69,235","81,364"
GRBA,2013,92893,398,94850,91451,"88,870","84,974","69,235"
GRBA,2014,107526,396,92893,94850,"91,451","88,870","84,974"
GRBA,2015,116123,543,107526,92893,"94,850","91,451","88,870"
GRBA,2016,144846,518,116123,107526,"92,893","94,850","91,451"
GRBA,2017,168028,501,144846,116123,"107,526","92,893","94,850"
GRCA,2008,4425314,874,4413668,4279439,"4,401,522","4,326,234","4,124,900"
GRCA,2009,4348068,786,4425314,4413668,"4,279,439","4,401,522","4,326,234"
GRCA,2010,4388386,707,4348068,4425314,"4,413,668","4,279,439","4,401,522"
GRCA,2011,4298178,713,4388386,4348068,"4,425,314","4,413,668","4,279,439"
GRCA,2012,4421352,609,4298178,4388386,"4,348,068","4,425,314","4,413,668"
GRCA,2013,4564840,622,4421352,4298178,"4,388,386","4,348,068","4,425,314"
GRCA,2014,4756771,583,4564840,4421352,"4,298,178","4,388,386","4,348,068"
GRCA,2015,5520736,627,4756771,4564840,"4,421,352","4,298,178","4,388,386"
GRCA,2016,5969811,613,5520736,4756771,"4,564,840","4,421,352","4,298,178"
GRCA,2017,6254238,631,5969811,5520736,"4,756,771","4,564,840","4,421,352"
GRSA,2008,273903,561,285121,258660,"279,589","267,204","251,375"
GRSA,2009,289955,564,273903,285121,"258,660","279,589","267,204"
GRSA,2010,283284,565,289955,273903,"285,121","258,660","279,589"
GRSA,2011,280058,496,283284,289955,"273,903","285,121","258,660"
GRSA,2012,254674,465,280058,283284,"289,955","273,903","285,121"
GRSA,2013,242841,422,254674,280058,"283,284","289,955","273,903"
GRSA,2014,271774,479,242841,254674,"280,058","283,284","289,955"
GRSA,2015,299513,588,271774,242841,"254,674","280,058","283,284"
GRSA,2016,388308,635,299513,271774,"242,841","254,674","280,058"
GRSA,2017,486935,721,388308,299513,"271,774","242,841","254,674"
GRSM,2008,9044010,748,9372253,9289215,"9,192,477","9,167,046","9,366,845"
GRSM,2009,9491437,841,9044010,9372253,"9,289,215","9,192,477","9,167,046"
GRSM,2010,9463538,755,9491437,9044010,"9,372,253","9,289,215","9,192,477"
GRSM,2011,9008830,668,9463538,9491437,"9,044,010","9,372,253","9,289,215"
GRSM,2012,9685829,685,9008830,9463538,"9,491,437","9,044,010","9,372,253"
GRSM,2013,9354695,692,9685829,9008830,"9,463,538","9,491,437","9,044,010"
GRSM,2014,10099276,685,9354695,9685829,"9,008,830","9,463,538","9,491,437"
GRSM,2015,10712674,767,10099276,9354695,"9,685,829","9,008,830","9,463,538"
GRSM,2016,11312786,776,10712674,10099276,"9,354,695","9,685,829","9,008,830"
GRSM,2017,11338893,742,11312786,10712674,"10,099,276","9,354,695","9,685,829"
GRTE,2008,2485987,721,2588574,2406476,"2,463,442","2,360,373","2,355,693"
GRTE,2009,2580081,664,2485987,2588574,"2,406,476","2,463,442","2,360,373"
GRTE,2010,2669374,617,2580081,2485987,"2,588,574","2,406,476","2,463,442"
GRTE,2011,2587437,560,2669374,2580081,"2,485,987","2,588,574","2,406,476"
GRTE,2012,2705256,528,2587437,2669374,"2,580,081","2,485,987","2,588,574"
GRTE,2013,2688794,521,2705256,2587437,"2,669,374","2,580,081","2,485,987"
GRTE,2014,2791392,518,2688794,2705256,"2,587,437","2,669,374","2,580,081"
GRTE,2015,3149921,578,2791392,2688794,"2,705,256","2,587,437","2,669,374"
GRTE,2016,3270076,637,3149921,2791392,"2,688,794","2,705,256","2,587,437"
GRTE,2017,3317000,653,3270076,3149921,"2,791,392","2,688,794","2,705,256"
GUMO,2008,163709,920,165110,174157,"170,383","182,351","181,357"
GUMO,2009,198882,966,163709,165110,"174,157","170,383","182,351"
GUMO,2010,192210,857,198882,163709,"165,110","174,157","170,383"
GUMO,2011,152546,718,192210,198882,"163,709","165,110","174,157"
GUMO,2012,159360,659,152546,192210,"198,882","163,709","165,110"
GUMO,2013,145670,703,159360,152546,"192,210","198,882","163,709"
GUMO,2014,166868,691,145670,159360,"152,546","192,210","198,882"
GUMO,2015,169535,858,166868,145670,"159,360","152,546","192,210"
GUMO,2016,181839,945,169535,166868,"145,670","159,360","152,546"
GUMO,2017,225257,958,181839,169535,"166,868","145,670","159,360"
HALE,2008,1185068,874,1322817,1426068,"1,474,681","1,455,477","1,444,668"
HALE,2009,1109104,815,1185068,1322817,"1,426,068","1,474,681","1,455,477"
HALE,2010,1105606,793,1109104,1185068,"1,322,817","1,426,068","1,474,681"
HALE,2011,956989,738,1105606,1109104,"1,185,068","1,322,817","1,426,068"
HALE,2012,1094668,812,956989,1105606,"1,109,104","1,185,068","1,322,817"
HALE,2013,785300,743,1094668,956989,"1,105,606","1,109,104","1,185,068"
HALE,2014,1142040,783,785300,1094668,"956,989","1,105,606","1,109,104"
HALE,2015,1216772,858,1142040,785300,"1,094,668","956,989","1,105,606"
HALE,2016,1263558,948,1216772,1142040,"785,300","1,094,668","956,989"
HALE,2017,1112390,1038,1263558,1216772,"1,142,040","785,300","1,094,668"
HAVO,2008,1270538,669,1467779,1612246,"1,661,196","1,307,391","1,122,524"
HAVO,2009,1233105,521,1270538,1467779,"1,612,246","1,661,196","1,307,391"
HAVO,2010,1304667,496,1233105,1270538,"1,467,779","1,612,246","1,661,196"
HAVO,2011,1352123,509,1304667,1233105,"1,270,538","1,467,779","1,612,246"
HAVO,2012,1483928,509,1352123,1304667,"1,233,105","1,270,538","1,467,779"
HAVO,2013,1583209,446,1483928,1352123,"1,304,667","1,233,105","1,270,538"
HAVO,2014,1693005,482,1583209,1483928,"1,352,123","1,304,667","1,233,105"
HAVO,2015,1832660,427,1693005,1583209,"1,483,928","1,352,123","1,304,667"
HAVO,2016,1887580,468,1832660,1693005,"1,583,209","1,483,928","1,352,123"
HAVO,2017,2016702,484,1887580,1832660,"1,693,005","1,583,209","1,483,928"
HOSP,2008,1238147,660,1300152,1273456,"1,340,160","1,418,735","1,561,311"
HOSP,2009,1284707,825,1238147,1300152,"1,273,456","1,340,160","1,418,735"
HOSP,2010,1311807,812,1284707,1238147,"1,300,152","1,273,456","1,340,160"
HOSP,2011,1396354,653,1311807,1284707,"1,238,147","1,300,152","1,273,456"
HOSP,2012,1302505,554,1396354,1311807,"1,284,707","1,238,147","1,300,152"
HOSP,2013,1325719,672,1302505,1396354,"1,311,807","1,284,707","1,238,147"
HOSP,2014,1424484,722,1325719,1302505,"1,396,354","1,311,807","1,284,707"
HOSP,2015,1418162,661,1424484,1325719,"1,302,505","1,396,354","1,311,807"
HOSP,2016,1544300,826,1418162,1424484,"1,325,719","1,302,505","1,396,354"
HOSP,2017,1561616,911,1544300,1418162,"1,424,484","1,325,719","1,302,505"
ISRO,2008,14038,708,15973,17070,"17,398","17,276","17,800"
ISRO,2009,14653,717,14038,15973,"17,070","17,398","17,276"
ISRO,2010,15793,673,14653,14038,"15,973","17,070","17,398"
ISRO,2011,15892,558,15793,14653,"14,038","15,973","17,070"
ISRO,2012,16663,517,15892,15793,"14,653","14,038","15,973"
ISRO,2013,16274,547,16663,15892,"15,793","14,653","14,038"
ISRO,2014,14560,516,16274,16663,"15,892","15,793","14,653"
ISRO,2015,18684,555,14560,16274,"16,663","15,892","15,793"
ISRO,2016,24966,626,18684,14560,"16,274","16,663","15,892"
ISRO,2017,28196,590,24966,18684,"14,560","16,274","16,663"
JOTR,2008,1392446,561,1298979,1256421,"1,375,111","1,243,659","1,283,346"
JOTR,2009,1304471,519,1392446,1298979,"1,256,421","1,375,111","1,243,659"
JOTR,2010,1434976,522,1304471,1392446,"1,298,979","1,256,421","1,375,111"
JOTR,2011,1396237,502,1434976,1304471,"1,392,446","1,298,979","1,256,421"
JOTR,2012,1396117,483,1396237,1434976,"1,304,471","1,392,446","1,298,979"
JOTR,2013,1383340,497,1396117,1396237,"1,434,976","1,304,471","1,392,446"
JOTR,2014,1589904,499,1383340,1396117,"1,396,237","1,434,976","1,304,471"
JOTR,2015,2025756,546,1589904,1383340,"1,396,117","1,396,237","1,434,976"
JOTR,2016,2505286,652,2025756,1589904,"1,383,340","1,396,117","1,396,237"
JOTR,2017,2853619,881,2505286,2025756,"1,589,904","1,383,340","1,396,117"
KATM,2008,7970,298,82634,68630,"54,274","56,787","51,589"
KATM,2009,43035,323,7970,82634,"68,630","54,274","56,787"
KATM,2010,55172,198,43035,7970,"82,634","68,630","54,274"
KATM,2011,48939,149,55172,43035,"7,970","82,634","68,630"
KATM,2012,39818,158,48939,55172,"43,035","7,970","82,634"
KATM,2013,28966,140,39818,48939,"55,172","43,035","7,970"
KATM,2014,30896,126,28966,39818,"48,939","55,172","43,035"
KATM,2015,37818,141,30896,28966,"39,818","48,939","55,172"
KATM,2016,37818,157,37818,30896,"28,966","39,818","48,939"
KATM,2017,37818,144,37818,37818,"30,896","28,966","39,818"
KEFJ,2008,272190,794,284604,251630,"258,297","244,232","243,719"
KEFJ,2009,218358,630,272190,284604,"251,630","258,297","244,232"
KEFJ,2010,297596,611,218358,272190,"284,604","251,630","258,297"
KEFJ,2011,346852,595,297596,218358,"272,190","284,604","251,630"
KEFJ,2012,281279,456,346852,297596,"218,358","272,190","284,604"
KEFJ,2013,283502,550,281279,346852,"297,596","218,358","272,190"
KEFJ,2014,270666,556,283502,281279,"346,852","297,596","218,358"
KEFJ,2015,296697,494,270666,283502,"281,279","346,852","297,596"
KEFJ,2016,346534,591,296697,270666,"283,502","281,279","346,852"
KEFJ,2017,303598,622,346534,296697,"270,666","283,502","281,279"
KICA,2008,574870,743,580129,552766,"594,893","525,035","555,987"
KICA,2009,609296,729,574870,580129,"552,766","594,893","525,035"
KICA,2010,598205,686,609296,574870,"580,129","552,766","594,893"
KICA,2011,566810,628,598205,609296,"574,870","580,129","552,766"
KICA,2012,591033,567,566810,598205,"609,296","574,870","580,129"
KICA,2013,567544,588,591033,566810,"598,205","609,296","574,870"
KICA,2014,502268,581,567544,591033,"566,810","598,205","609,296"
KICA,2015,468106,615,502268,567544,"591,033","566,810","598,205"
KICA,2016,607479,608,468106,502268,"567,544","591,033","566,810"
KICA,2017,692932,690,607479,468106,"502,268","567,544","591,033"
KOVA,2008,1565,392,847,3005,"5,037","4,744","4,006"
KOVA,2009,1879,393,1565,847,"3,005","5,037","4,744"
KOVA,2010,3164,307,1879,1565,847,"3,005","5,037"
KOVA,2011,11485,269,3164,1879,"1,565",847,"3,005"
KOVA,2012,29550,261,11485,3164,"1,879","1,565",847
KOVA,2013,16875,234,29550,11485,"3,164","1,879","1,565"
KOVA,2014,0,198,16875,29550,"11,485","3,164","1,879"
KOVA,2015,0,249,0,16875,"29,550","11,485","3,164"
KOVA,2016,15500,329,0,0,"16,875","29,550","11,485"
KOVA,2017,15500,494,15500,0,0,"16,875","29,550"
LACL,2008,6802,760,5549,5320,"5,408","4,906","4,505"
LACL,2009,9711,635,6802,5549,"5,320","5,408","4,906"
LACL,2010,9931,551,9711,6802,"5,549","5,320","5,408"
LACL,2011,5158,474,9931,9711,"6,802","5,549","5,320"
LACL,2012,11639,438,5158,9931,"9,711","6,802","5,549"
LACL,2013,13000,394,11639,5158,"9,931","9,711","6,802"
LACL,2014,16100,435,13000,11639,"5,158","9,931","9,711"
LACL,2015,17818,483,16100,13000,"11,639","5,158","9,931"
LACL,2016,21102,501,17818,16100,"13,000","11,639","5,158"
LACL,2017,22755,429,21102,17818,"16,100","13,000","11,639"
LAVO,2008,377361,613,395057,388741,"365,535","379,667","404,384"
LAVO,2009,365639,608,377361,395057,"388,741","365,535","379,667"
LAVO,2010,384570,582,365639,377361,"395,057","388,741","365,535"
LAVO,2011,351269,532,384570,365639,"377,361","395,057","388,741"
LAVO,2012,407653,464,351269,384570,"365,639","377,361","395,057"
LAVO,2013,427409,478,407653,351269,"384,570","365,639","377,361"
LAVO,2014,432977,468,427409,407653,"351,269","384,570","365,639"
LAVO,2015,468092,491,432977,427409,"407,653","351,269","384,570"
LAVO,2016,536068,531,468092,432977,"427,409","407,653","351,269"
LAVO,2017,507256,552,536068,468092,"432,977","427,409","407,653"
MACA,2008,446174,758,487305,597934,"1,878,006","1,888,267","1,869,137"
MACA,2009,503856,702,446174,487305,"597,934","1,878,006","1,888,267"
MACA,2010,497225,662,503856,446174,"487,305","597,934","1,878,006"
MACA,2011,483319,621,497225,503856,"446,174","487,305","597,934"
MACA,2012,508054,591,483319,497225,"503,856","446,174","487,305"
MACA,2013,494541,553,508054,483319,"497,225","503,856","446,174"
MACA,2014,522628,537,494541,508054,"483,319","497,225","503,856"
MACA,2015,566895,559,522628,494541,"508,054","483,319","497,225"
MACA,2016,586514,593,566895,522628,"494,541","508,054","483,319"
MACA,2017,587853,579,586514,566895,"522,628","494,541","508,054"
MEVE,2008,551446,900,541102,557248,"498,333","446,811","438,590"
MEVE,2009,550377,844,551446,541102,"557,248","498,333","446,811"
MEVE,2010,559712,742,550377,551446,"541,102","557,248","498,333"
MEVE,2011,572329,669,559712,550377,"551,446","541,102","557,248"
MEVE,2012,488860,609,572329,559712,"550,377","551,446","541,102"
MEVE,2013,460237,617,488860,572329,"559,712","550,377","551,446"
MEVE,2014,501563,635,460237,488860,"572,329","559,712","550,377"
MEVE,2015,547325,720,501563,460237,"488,860","572,329","559,712"
MEVE,2016,583527,696,547325,501563,"460,237","488,860","572,329"
MEVE,2017,613788,718,583527,547325,"501,563","460,237","488,860"
MORA,2008,1163227,589,1047685,1113601,"1,173,897","1,217,750","1,262,351"
MORA,2009,1151654,568,1163227,1047685,"1,113,601","1,173,897","1,217,750"
MORA,2010,1191754,549,1151654,1163227,"1,047,685","1,113,601","1,173,897"
MORA,2011,1038229,456,1191754,1151654,"1,163,227","1,047,685","1,113,601"
MORA,2012,1049178,463,1038229,1191754,"1,151,654","1,163,227","1,047,685"
MORA,2013,1148552,431,1049178,1038229,"1,191,754","1,151,654","1,163,227"
MORA,2014,1264259,465,1148552,1049178,"1,038,229","1,191,754","1,151,654"
MORA,2015,1237231,485,1264259,1148552,"1,049,178","1,038,229","1,191,754"
MORA,2016,1356913,499,1237231,1264259,"1,148,552","1,049,178","1,038,229"
MORA,2017,1415867,492,1356913,1237231,"1,264,259","1,148,552","1,049,178"
NOCA,2008,18725,565,19534,19167,"18,686","16,912","20,724"
NOCA,2009,26972,516,18725,19534,"19,167","18,686","16,912"
NOCA,2010,24659,443,26972,18725,"19,534","19,167","18,686"
NOCA,2011,19208,383,24659,26972,"18,725","19,534","19,167"
NOCA,2012,26935,364,19208,24659,"26,972","18,725","19,534"
NOCA,2013,21623,366,26935,19208,"24,659","26,972","18,725"
NOCA,2014,23865,366,21623,26935,"19,208","24,659","26,972"
NOCA,2015,20677,420,23865,21623,"26,935","19,208","24,659"
NOCA,2016,28646,459,20677,23865,"21,623","26,935","19,208"
NOCA,2017,30326,518,28646,20677,"23,865","21,623","26,935"
NPSA,2008,3683,230,6774,1239,NA,NA,NA
NPSA,2009,3242,313,3683,6774,"1,239",NA,NA
NPSA,2010,3006,240,3242,3683,"6,774","1,239",NA
NPSA,2011,8716,215,3006,3242,"3,683","6,774","1,239"
NPSA,2012,10440,186,8716,3006,"3,242","3,683","6,774"
NPSA,2013,17919,218,10440,8716,"3,006","3,242","3,683"
NPSA,2014,13953,155,17919,10440,"8,716","3,006","3,242"
NPSA,2015,13892,205,13953,17919,"10,440","8,716","3,006"
NPSA,2016,28892,267,13892,13953,"17,919","10,440","8,716"
NPSA,2017,69468,258,28892,13892,"13,953","17,919","10,440"
OLYM,2008,3081451,645,2988686,2749197,"3,142,774","3,073,722","3,225,327"
OLYM,2009,3276459,579,3081451,2988686,"2,749,197","3,142,774","3,073,722"
OLYM,2010,2844563,550,3276459,3081451,"2,988,686","2,749,197","3,142,774"
OLYM,2011,2966502,464,2844563,3276459,"3,081,451","2,988,686","2,749,197"
OLYM,2012,2824908,467,2966502,2844563,"3,276,459","3,081,451","2,988,686"
OLYM,2013,3085340,417,2824908,2966502,"2,844,563","3,276,459","3,081,451"
OLYM,2014,3243872,440,3085340,2824908,"2,966,502","2,844,563","3,276,459"
OLYM,2015,3263761,497,3243872,3085340,"2,824,908","2,966,502","2,844,563"
OLYM,2016,3390221,547,3263761,3243872,"3,085,340","2,824,908","2,966,502"
OLYM,2017,3401996,572,3390221,3263761,"3,243,872","3,085,340","2,824,908"
PEFO,2008,543714,846,563590,581681,"598,378","580,000","586,245"
PEFO,2009,631613,845,543714,563590,"581,681","598,378","580,000"
PEFO,2010,664725,730,631613,543714,"563,590","581,681","598,378"
PEFO,2011,614054,730,664725,631613,"543,714","563,590","581,681"
PEFO,2012,664857,763,614054,664725,"631,613","543,714","563,590"
PEFO,2013,644648,727,664857,614054,"664,725","631,613","543,714"
PEFO,2014,836799,733,644648,664857,"614,054","664,725","631,613"
PEFO,2015,793225,756,836799,644648,"664,857","614,054","664,725"
PEFO,2016,643274,757,793225,836799,"644,648","664,857","614,054"
PEFO,2017,627757,762,643274,793225,"836,799","644,648","664,857"
REDW,2008,396899,909,385171,383780,"394,144","392,029","408,126"
REDW,2009,444426,897,396899,385171,"383,780","394,144","392,029"
REDW,2010,418820,823,444426,396899,"385,171","383,780","394,144"
REDW,2011,380167,776,418820,444426,"396,899","385,171","383,780"
REDW,2012,352517,765,380167,418820,"444,426","396,899","385,171"
REDW,2013,393364,773,352517,380167,"418,820","444,426","396,899"
REDW,2014,429166,797,393364,352517,"380,167","418,820","444,426"
REDW,2015,527143,833,429166,393364,"352,517","380,167","418,820"
REDW,2016,536297,850,527143,429166,"393,364","352,517","380,167"
REDW,2017,445000,821,536297,527143,"429,166","393,364","352,517"
ROMO,2008,2757390,687,2895383,2743676,"2,798,368","2,781,899","3,067,256"
ROMO,2009,2822325,647,2757390,2895383,"2,743,676","2,798,368","2,781,899"
ROMO,2010,2955821,641,2822325,2757390,"2,895,383","2,743,676","2,798,368"
ROMO,2011,3176941,631,2955821,2822325,"2,757,390","2,895,383","2,743,676"
ROMO,2012,3229617,563,3176941,2955821,"2,822,325","2,757,390","2,895,383"
ROMO,2013,2991141,494,3229617,3176941,"2,955,821","2,822,325","2,757,390"
ROMO,2014,3434751,515,2991141,3229617,"3,176,941","2,955,821","2,822,325"
ROMO,2015,4155916,568,3434751,2991141,"3,229,617","3,176,941","2,955,821"
ROMO,2016,4517585,574,4155916,3434751,"2,991,141","3,229,617","3,176,941"
ROMO,2017,4437215,626,4517585,4155916,"3,434,751","2,991,141","3,229,617"
SAGU,2008,699137,670,658477,619983,"727,208","651,464","643,697"
SAGU,2009,665234,742,699137,658477,"619,983","727,208","651,464"
SAGU,2010,717614,694,665234,699137,"658,477","619,983","727,208"
SAGU,2011,610045,558,717614,665234,"699,137","658,477","619,983"
SAGU,2012,634286,586,610045,717614,"665,234","699,137","658,477"
SAGU,2013,678261,543,634286,610045,"717,614","665,234","699,137"
SAGU,2014,673572,547,678261,634286,"610,045","717,614","665,234"
SAGU,2015,753446,630,673572,678261,"634,286","610,045","717,614"
SAGU,2016,820426,785,753446,673572,"678,261","634,286","610,045"
SAGU,2017,964760,847,820426,753446,"673,572","678,261","634,286"
SEQU,2008,930011,685,979537,954507,"1,004,843","1,000,177","979,297"
SEQU,2009,965170,669,930011,979537,"954,507","1,004,843","1,000,177"
SEQU,2010,1002979,643,965170,930011,"979,537","954,507","1,004,843"
SEQU,2011,1006583,627,1002979,965170,"930,011","979,537","954,507"
SEQU,2012,1106584,598,1006583,1002979,"965,170","930,011","979,537"
SEQU,2013,909274,566,1106584,1006583,"1,002,979","965,170","930,011"
SEQU,2014,1039137,631,909274,1106584,"1,006,583","1,002,979","965,170"
SEQU,2015,1097464,695,1039137,909274,"1,106,584","1,006,583","1,002,979"
SEQU,2016,1254688,742,1097464,1039137,"909,274","1,106,584","1,006,583"
SEQU,2017,1291256,816,1254688,1097464,"1,039,137","909,274","1,106,584"
SHEN,2008,1075878,730,1107227,1076150,"1,094,912","1,261,000","1,163,950"
SHEN,2009,1120981,764,1075878,1107227,"1,076,150","1,094,912","1,261,000"
SHEN,2010,1253386,707,1120981,1075878,"1,107,227","1,076,150","1,094,912"
SHEN,2011,1209883,739,1253386,1120981,"1,075,878","1,107,227","1,076,150"
SHEN,2012,1210200,600,1209883,1253386,"1,120,981","1,075,878","1,107,227"
SHEN,2013,1136505,570,1210200,1209883,"1,253,386","1,120,981","1,075,878"
SHEN,2014,1255321,587,1136505,1210200,"1,209,883","1,253,386","1,120,981"
SHEN,2015,1321873,602,1255321,1136505,"1,210,200","1,209,883","1,253,386"
SHEN,2016,1437341,693,1321873,1255321,"1,136,505","1,210,200","1,209,883"
SHEN,2017,1458874,647,1437341,1321873,"1,255,321","1,136,505","1,210,200"
THRO,2008,516804,452,456588,435359,"493,198","474,589","490,295"
THRO,2009,586928,524,516804,456588,"435,359","493,198","474,589"
THRO,2010,623748,440,586928,516804,"456,588","435,359","493,198"
THRO,2011,563407,433,623748,586928,"516,804","456,588","435,359"
THRO,2012,640555,359,563407,623748,"586,928","516,804","456,588"
THRO,2013,545090,366,640555,563407,"623,748","586,928","516,804"
THRO,2014,559580,404,545090,640555,"563,407","623,748","586,928"
THRO,2015,580033,434,559580,545090,"640,555","563,407","623,748"
THRO,2016,753880,574,580033,559580,"545,090","640,555","563,407"
THRO,2017,708003,566,753880,580033,"559,580","545,090","640,555"
VIIS,2008,469034,698,571382,677289,"803,040","793,590","821,681"
VIIS,2009,415847,764,469034,571382,"677,289","803,040","793,590"
VIIS,2010,493477,706,415847,469034,"571,382","677,289","803,040"
VIIS,2011,442414,554,493477,415847,"469,034","571,382","677,289"
VIIS,2012,483341,557,442414,493477,"415,847","469,034","571,382"
VIIS,2013,438601,451,483341,442414,"493,477","415,847","469,034"
VIIS,2014,426930,439,438601,483341,"442,414","493,477","415,847"
VIIS,2015,438372,532,426930,438601,"483,341","442,414","493,477"
VIIS,2016,411343,669,438372,426930,"438,601","483,341","442,414"
VIIS,2017,304408,467,411343,438372,"426,930","438,601","483,341"
VOYA,2008,221585,697,220650,231875,"234,577","249,041","234,231"
VOYA,2009,222429,725,221585,220650,"231,875","234,577","249,041"
VOYA,2010,253891,686,222429,221585,"220,650","231,875","234,577"
VOYA,2011,177184,579,253891,222429,"221,585","220,650","231,875"
VOYA,2012,214841,509,177184,253891,"222,429","221,585","220,650"
VOYA,2013,233390,461,214841,177184,"253,891","222,429","221,585"
VOYA,2014,239160,482,233390,214841,"177,184","253,891","222,429"
VOYA,2015,238313,493,239160,233390,"214,841","177,184","253,891"
VOYA,2016,241912,608,238313,239160,"233,390","214,841","177,184"
VOYA,2017,237250,602,241912,238313,"239,160","233,390","214,841"
WICA,2008,573433,684,603158,591049,"612,478","593,877","874,167"
WICA,2009,587868,592,573433,603158,"591,049","612,478","593,877"
WICA,2010,577141,551,587868,573433,"603,158","591,049","612,478"
WICA,2011,538394,488,577141,587868,"573,433","603,158","591,049"
WICA,2012,529083,466,538394,577141,"587,868","573,433","603,158"
WICA,2013,516142,454,529083,538394,"577,141","587,868","573,433"
WICA,2014,547022,421,516142,529083,"538,394","577,141","587,868"
WICA,2015,612198,491,547022,516142,"529,083","538,394","577,141"
WICA,2016,617377,529,612198,547022,"516,142","529,083","538,394"
WICA,2017,619924,544,617377,612198,"547,022","516,142","529,083"
WRST,2008,65693,694,61085,50336,"56,224","57,221","43,311"
WRST,2009,59966,445,65693,61085,"50,336","56,224","57,221"
WRST,2010,73170,527,59966,65693,"61,085","50,336","56,224"
WRST,2011,65225,352,73170,59966,"65,693","61,085","50,336"
WRST,2012,87158,358,65225,73170,"59,966","65,693","61,085"
WRST,2013,69984,355,87158,65225,"73,170","59,966","65,693"
WRST,2014,74722,338,69984,87158,"65,225","73,170","59,966"
WRST,2015,80366,369,74722,69984,"87,158","65,225","73,170"
WRST,2016,79047,398,80366,74722,"69,984","87,158","65,225"
WRST,2017,68292,371,79047,80366,"74,722","69,984","87,158"
YELL,2008,3066580,503,3151343,2870295,"2,835,651","2,868,317","3,019,375"
YELL,2009,3295187,550,3066580,3151343,"2,870,295","2,835,651","2,868,317"
YELL,2010,3640185,527,3295187,3066580,"3,151,343","2,870,295","2,835,651"
YELL,2011,3394326,494,3640185,3295187,"3,066,580","3,151,343","2,870,295"
YELL,2012,3447729,432,3394326,3640185,"3,295,187","3,066,580","3,151,343"
YELL,2013,3188030,396,3447729,3394326,"3,640,185","3,295,187","3,066,580"
YELL,2014,3513484,516,3188030,3447729,"3,394,326","3,640,185","3,295,187"
YELL,2015,4097710,466,3513484,3188030,"3,447,729","3,394,326","3,640,185"
YELL,2016,4257177,487,4097710,3513484,"3,188,030","3,447,729","3,394,326"
YELL,2017,4116524,523,4257177,4097710,"3,513,484","3,188,030","3,447,729"
YOSE,2008,3431514,255,3503428,3242644,"3,304,144","3,280,911","3,378,664"
YOSE,2009,3737472,235,3431514,3503428,"3,242,644","3,304,144","3,280,911"
YOSE,2010,3901408,228,3737472,3431514,"3,503,428","3,242,644","3,304,144"
YOSE,2011,3951393,226,3901408,3737472,"3,431,514","3,503,428","3,242,644"
YOSE,2012,3853404,206,3951393,3901408,"3,737,472","3,431,514","3,503,428"
YOSE,2013,3691191,214,3853404,3951393,"3,901,408","3,737,472","3,431,514"
YOSE,2014,3882642,433,3691191,3853404,"3,951,393","3,901,408","3,737,472"
YOSE,2015,4150217,459,3882642,3691191,"3,853,404","3,951,393","3,901,408"
YOSE,2016,5028868,262,4150217,3882642,"3,691,191","3,853,404","3,951,393"
YOSE,2017,4336890,250,5028868,4150217,"3,882,642","3,691,191","3,853,404"
ZION,2008,2690154,785,2657281,2567350,"2,586,665","2,677,342","2,458,792"
ZION,2009,2735402,713,2690154,2657281,"2,567,350","2,586,665","2,677,342"
ZION,2010,2665972,671,2735402,2690154,"2,657,281","2,567,350","2,586,665"
ZION,2011,2825505,687,2665972,2735402,"2,690,154","2,657,281","2,567,350"
ZION,2012,2973607,668,2825505,2665972,"2,735,402","2,690,154","2,657,281"
ZION,2013,2807387,673,2973607,2825505,"2,665,972","2,735,402","2,690,154"
ZION,2014,3189696,723,2807387,2973607,"2,825,505","2,665,972","2,735,402"
ZION,2015,3648846,858,3189696,2807387,"2,973,607","2,825,505","2,665,972"
ZION,2016,4295127,933,3648846,3189696,"2,807,387","2,973,607","2,825,505"
ZION,2017,4504812,985,4295127,3648846,"3,189,696","2,807,387","2,973,607"